{"cameraMode":{"drawMode":2,"name":"Shaded Wireframe","section":"Shading Mode"},"sceneLighting":true,"audioPlay":false,"sceneViewState":{"showFog":true,"showMaterialUpdate":true,"showSkybox":true,"showFlares":true,"showImageEffects":true,"showParticleSystems":true},"in2DMode":false,"pivot":{"x":0.19000601768493653,"y":0.9069117307662964,"z":-0.22956256568431855},"rotation":{"x":-0.03688857704401016,"y":-0.8732388615608215,"z":0.066933274269104,"w":-0.4812606871128082},"size":3.8719522953033449,"orthographic":false}