{"cameraMode":{"drawMode":0,"name":"Shaded","section":"Shading Mode"},"sceneLighting":true,"audioPlay":false,"sceneViewState":{"showFog":true,"showMaterialUpdate":true,"showSkybox":true,"showFlares":true,"showImageEffects":true,"showParticleSystems":true},"in2DMode":false,"pivot":{"x":0.0,"y":1.2050000429153443,"z":0.18296009302139283},"rotation":{"x":0.41456469893455508,"y":0.011996136046946049,"z":-0.005469414871186018,"w":0.9099326133728027},"size":2.081786870956421,"orthographic":false}