{"cameraMode":{"drawMode":0,"name":"Shaded","section":"Shading Mode"},"sceneLighting":true,"audioPlay":false,"sceneViewState":{"showFog":true,"showMaterialUpdate":true,"showSkybox":true,"showFlares":true,"showImageEffects":true,"showParticleSystems":true},"in2DMode":false,"pivot":{"x":-1.0060967206954957,"y":0.45451581478118899,"z":0.21993184089660645},"rotation":{"x":0.030894674360752107,"y":-0.9561705589294434,"z":0.10948017984628678,"w":0.2698788344860077},"size":4.134622573852539,"orthographic":false}