{"cameraMode":{"drawMode":0,"name":"Shaded","section":"Shading Mode"},"sceneLighting":true,"audioPlay":false,"sceneViewState":{"showFog":true,"showMaterialUpdate":true,"showSkybox":true,"showFlares":true,"showImageEffects":true,"showParticleSystems":true},"in2DMode":false,"pivot":{"x":0.0,"y":1.2050000429153443,"z":0.18296009302139283},"rotation":{"x":0.4730810821056366,"y":0.15157322585582734,"z":-0.08300800621509552,"w":0.8639151453971863},"size":1.4817869663238526,"orthographic":false}